{"cameraMode":{"drawMode":0,"name":"Shaded","section":"Shading Mode"},"sceneLighting":true,"audioPlay":false,"sceneViewState":{"m_AlwaysRefresh":false,"showFog":true,"showSkybox":true,"showFlares":true,"showImageEffects":true,"showParticleSystems":true,"showVisualEffectGraphs":true,"m_FxEnabled":true},"in2DMode":false,"pivot":{"x":-1.425991177558899,"y":4.21155309677124,"z":-9.291543960571289},"rotation":{"x":-0.35477888584136965,"y":-0.038983993232250217,"z":0.014786554500460625,"w":-0.9340411424636841},"size":1.8896613121032715,"orthographic":false}